<?xml version="1.0" encoding="UTF-8" standalone="yes"?>
<addon id="repository.video.lazyman.nhl.tv" name="LazyMan NHL.tv/MLB.tv" provider-name="lazyman" version="1.0.0">
  <extension point="xbmc.addon.repository" name="LazyMan NHL.tv/MLB.tv">
    <info compressed="true">https://github.com/actionbronson/LazyMan/tree/master/src/kodi/repository/addons.xml</info>
    <checksum>https://github.com/actionbronson/LazyMan/tree/master/src/kodi/repository/addons.xml.md5</checksum>
    <datadir zip="true">https://github.com/actionbronson/LazyMan/tree/master/src/kodi/repository</datadir>
  </extension>

  <extension point="xbmc.addon.metadata">
    <platform>all</platform>
    <summary lang="en">LazyMan NHL.tv</summary>
    <description lang="en">http://reddit.com/r/lazyman</description>
    <license>GNU General Public License, v2</license>
    <language />
    <forum>http://reddit.com/r/lazyman</forum>
    <assets>
      <icon>resources/icon.png</icon>
      <fanart>resources/fanart.jpg</fanart>
    </assets>
  </extension>
</addon>
